﻿tobe_Correct,Correct
India,Alluri Sitharama Raju
India,Anakapalli
India,Ananthapuramu
JAMMU & KASHMIR,Annamayya
JAMMU & KASHMIR,Bapatla
JAMMU & KASHMIR,Chittoor
Kupwara,Dr. B.R. Ambedkar Konaseema
Kupwara,East Godavari
Kupwara,Eluru
Badgam,Guntur
Badgam,Kakinada
Badgam,Krishna
Leh(Ladakh),Kurnool
Leh(Ladakh),Nandyal
Leh(Ladakh),NTR
Kargil,Palnadu
Kargil,Parvathipuram Manyam
Kargil,Prakasam
Punch,Srikakulam
Punch,Sri Potti Sriramulu Nellore
Punch,Sri Sathya Sai
Rajouri,Tirupati
Rajouri,Visakhapatnam
Rajouri,Vizianagaram
Kathua,West Godavari
Kathua,YSR
Kathua,Anjaw
Baramula,Changlang
Baramula,East Kameng
Baramula,East Siang
Bandipore,Itanagar capital complex
Bandipore,Kamle
Bandipore,Kra Daadi
Srinagar,Kurung Kumey
Srinagar,Lepa Rada
Srinagar,Lohit
Ganderbal,Longding
Ganderbal,Lower Dibang Valley
Ganderbal,Lower Siang
Pulwama,Lower Subansiri
Pulwama,Namsai
Pulwama,Pakke-Kessang
Shupiyan,Papum Pare
Shupiyan,Shi Yomi
Shupiyan,Siang
Anantnag,Tawang
Anantnag,Tirap
Anantnag,Upper Dibang Valley
Kulgam,Upper Siang
Kulgam,Upper Subansiri
Kulgam,West Kameng
Doda,West Siang
Doda,Bajali
Doda,Baksa
Ramban,Barpeta
Ramban,Biswanath
Ramban,Bongaigaon
Kishtwar,Cachar
Kishtwar,Charaideo
Kishtwar,Chirang
Udhampur,Darrang
Udhampur,Dhemaji
Udhampur,Dhubri
Reasi,Dibrugarh
Reasi,Dima Hasao
Reasi,Goalpara
Jammu,Golaghat
Jammu,Hailakandi
Jammu,Hojai
Samba,Jorhat
Samba,Kamrup
Samba,Kamrup Metropolitan
HIMACHAL PRADESH,Karbi Anglong
HIMACHAL PRADESH,Karimganj
HIMACHAL PRADESH,Kokrajhar
Chamba,Lakhimpur
Chamba,Majuli
Chamba,Morigaon
Kangra,Nagaon
Kangra,Nalbari
Kangra,Sivasagar
Lahul & Spiti,South Salmara Mankachar
Lahul & Spiti,Sonitpur
Lahul & Spiti,Tamulpur
Kullu,Tinsukia
Kullu,Udalguri
Kullu,West Karbi Anglong
Mandi,Araria
Mandi,Arwal
Mandi,Aurangabad
Hamirpur,Banka
Hamirpur,Begusarai
Hamirpur,Bhagalpur
Una,Bhojpur
Una,Buxar
Una,Darbhanga
Bilaspur,East Champaran
Bilaspur,Gaya
Bilaspur,Gopalganj
Solan,Jamui
Solan,Jehanabad
Solan,Kaimur
Sirmaur,Katihar
Sirmaur,Khagaria
Sirmaur,Kishanganj
Shimla,Lakhisarai
Shimla,Madhepura
Shimla,Madhubani
Kinnaur,Munger
Kinnaur,Muzaffarpur
Kinnaur,Nalanda
PUNJAB,Nawada
PUNJAB,Patna
PUNJAB,Purnia
Gurdaspur,Rohtas
Gurdaspur,Saharsa
Gurdaspur,Samastipur
Kapurthala,Saran
Kapurthala,Sheikhpura
Kapurthala,Sheohar
Jalandhar,Sitamarhi
Jalandhar,Siwan
Jalandhar,Supaul
Hoshiarpur,Vaishali
Hoshiarpur,0
Hoshiarpur,Balod
NAWANSHAHR,Baloda Bazar
NAWANSHAHR,Balrampur-Ramanujganj
NAWANSHAHR,Bastar
Fatehgarh Sahib,Bemetara
Fatehgarh Sahib,Bijapur
Fatehgarh Sahib,Bilaspur
Ludhiana,Dantewada
Ludhiana,Dhamtari
Ludhiana,Durg
Moga,Gariaband
Moga,Gaurela-Pendra-Marwahi
Moga,Janjgir-Champa
Firozpur,Jashpur
Firozpur,Kabirdham
Firozpur,Kanker
Muktsar,Khairagarh-Chhuikhadan-Gandai
Muktsar,Kondagaon
Muktsar,Korba
Faridkot,Korea
Faridkot,Mahasamund
Faridkot,Manendragarh-Chirmiri-Bharatpur
Bathinda,Mohla-Manpur-Ambagarh Chowki
Bathinda,Mungeli
Bathinda,Narayanpur
Mansa,Raigarh
Mansa,Raipur
Mansa,Rajnandgaon
Patiala,Sarangarh-Bilaigarh
Patiala,Shakti
Patiala,Sukma
Amritsar,Surajpur
Amritsar,Surguja
Amritsar,North Goa
Tarn Taran,South Goa
Tarn Taran,Ahmedabad
Tarn Taran,Amreli
Rupnagar,Anand
Rupnagar,Aravalli
Rupnagar,Banaskantha
Mohali,Bharuch
Mohali,Bhavnagar
Mohali,Botad
Sangrur,Chhota Udaipur
Sangrur,Dahod
Sangrur,Dang
Barnala,Devbhumi Dwarka
Barnala,Gandhinagar
Barnala,Gir Somnath
CHANDIGARH,Jamnagar
CHANDIGARH,Junagadh
CHANDIGARH ,Kheda
Chandigarh,Kutch
Chandigarh,Mahisagar
Chandigarh,Mehsana
UTTARAKHAND,Morbi
UTTARAKHAND,Narmada
UTTARAKHAND,Navsari
Uttarkashi,Panchmahal
Uttarkashi,Patan
Uttarkashi,Porbandar
Chamoli,Rajkot
Chamoli,Sabarkantha
Chamoli,Surat
Rudraprayag,Surendranagar
Rudraprayag,Tapi
Rudraprayag,Vadodara
Tehri Garhwal,Valsad
Tehri Garhwal,Ambala
Tehri Garhwal,Bhiwani
Dehradun,Charkhi Dadri
Dehradun,Faridabad
Dehradun,Fatehabad
Garhwal,Gurugram
Garhwal,Hisar
Garhwal,Jhajjar
Pithoragarh,Jind
Pithoragarh,Kaithal
Pithoragarh,Karnal
Bageshwar,Kurukshetra
Bageshwar,Mahendragarh
Bageshwar,Nuh
Almora,Palwal
Almora,Panchkula
Almora,Panipat
Champawat,Rewari
Champawat,Rohtak
Champawat,Sirsa
Nainital,Sonipat
Nainital,Yamunanagar
Nainital,Bilaspur
Udham Singh Nagar,Chamba
Udham Singh Nagar,Hamirpur
Udham Singh Nagar,Kangra
Hardwar,Kinnaur
Hardwar,Kullu
Hardwar,Lahaul and Spiti
HARYANA,Mandi
HARYANA,Shimla
HARYANA,Sirmaur
Panchkula,Solan
Panchkula,Una
Panchkula,Bokaro
Ambala,Chatra
Ambala,Deoghar
Ambala,Dhanbad
Yamunanagar,Dumka
Yamunanagar,East Singhbhum
Yamunanagar,Garhwa
Kurukshetra,Giridih
Kurukshetra,Godda
Kurukshetra,Gumla
Kaithal,Hazaribag
Kaithal,Jamtara
Kaithal,Khunti
Karnal,Koderma
Karnal,Latehar
Karnal,Lohardaga
Panipat,Pakur
Panipat,Palamu
Panipat,Ramgarh
Sonipat,Ranchi
Sonipat,Sahibganj
Sonipat,Seraikela-Kharsawan
Jind,Simdega
Jind,West Singhbhum
Jind,Bagalakote
Fatehabad,Ballari
Fatehabad,Belagavi
Fatehabad,Bengaluru Rural
Sirsa,Bengaluru Urban
Sirsa,Bidar
Sirsa,Chamarajanagara
Hisar,Chikkaballapura
Hisar,Chikkamagaluru
Hisar,Chitradurga
Bhiwani,Dakshina Kannada
Bhiwani,Davanagere
Bhiwani,Dharwada
Rohtak,Gadaga
Rohtak,Kalaburagi
Rohtak,Hassan
Jhajjar,Haveri
Jhajjar,Kodagu
Jhajjar,Kolar
Mahendragarh,Koppala
Mahendragarh,Mandya
Mahendragarh,Mysuru
Rewari,Raichuru
Rewari,Ramanagara
Rewari,Shivamogga
Gurgaon,Tumakuru
Gurgaon,Udupi
Gurgaon,Uttara Kannada
Mewat,Vijayanagara
Mewat,Vijayapura
Mewat,Yadgiri
Faridabad,Alappuzha
Faridabad,Ernakulam
Faridabad,Idukki
Palwal,Kannur
Palwal,Kasaragod
Palwal,Kollam
DELHI,Kottayam
DELHI,Kozhikode
DELHI,Malappuram
North West Delhi,Palakkad
North West Delhi,Pathanamthitta
North West Delhi,Thrissur
North Delhi,Thiruvananthapuram
North Delhi,Wayanad
North Delhi,Agar Malwa
North East Delhi,Alirajpur
North East Delhi,Anuppur
North East Delhi,Ashoknagar
East Delhi,Balaghat
East Delhi,Barwani
East Delhi,Betul
New Delhi,Bhind
New Delhi,Bhopal
New Delhi,Burhanpur
Central Delhi,Chhatarpur
Central Delhi,Chhindwara
Central Delhi,Damoh
West Delhi,Datia
West Delhi,Dewas
West Delhi,Dhar
South West Delhi,Dindori
South West Delhi,Guna
South West Delhi,Gwalior
South Delhi,Harda
South Delhi,Hoshangabad
South Delhi,Indore
RAJASTHAN,Jabalpur
RAJASTHAN,Jhabua
RAJASTHAN,Katni
Ganganagar,Khandwa (East Nimar)
Ganganagar,Khargone (West Nimar)
Ganganagar,Mandla
Hanumangarh,Mandsaur
Hanumangarh,Morena
Hanumangarh,Narsinghpur
Bikaner,Neemuch
Bikaner,Niwari
Bikaner,Panna
Churu,Raisen
Churu,Rajgarh
Churu,Ratlam
Jhunjhunun,Rewa
Jhunjhunun,Sagar
Jhunjhunun,Satna
Alwar,Sehore
Alwar,Seoni
Alwar,Shahdol
Bharatpur,Shajapur
Bharatpur,Sheopur
Bharatpur,Shivpuri
Dhaulpur,Sidhi
Dhaulpur,Singrauli
Dhaulpur,Tikamgarh
Karauli,Ujjain
Karauli,Umaria
Karauli,Vidisha
Sawai Madhopur,Ahmednagar
Sawai Madhopur,Akola
Sawai Madhopur,Amravati
Dausa,Beed
Dausa,Bhandara
Dausa,Buldhana
Jaipur,Chandrapur
Jaipur,Osmanabad
Jaipur,Dhule
Sikar,Gadchiroli
Sikar,Gondia
Sikar,Hingoli
Nagaur,Jalgaon
Nagaur,Jalna
Nagaur,Kolhapur
Jodhpur,Latur
Jodhpur,Mumbai City
Jodhpur,Mumbai Suburban
Jaisalmer,Nanded
Jaisalmer,Nandurbar
Jaisalmer,Nagpur
Barmer,Nashik
Barmer,Palghar
Barmer,Parbhani
Jalor,Pune
Jalor,Raigad
Jalor,Ratnagiri
Sirohi,Aurangabad
Sirohi,Sangli
Sirohi,Satara
Pali,Sindhudurg
Pali,Solapur
Pali,Thane
Ajmer,Wardha
Ajmer,Washim
Ajmer,Yavatmal
Tonk,Bishnupur
Tonk,Chandel
Tonk,Churachandpur
Bundi,Imphal East
Bundi,Imphal West
Bundi,Jiribam
Bhilwara,Kakching
Bhilwara,Kamjong
Bhilwara,Kangpokpi
Rajsamand,Noney
Rajsamand,Pherzawl
Rajsamand,Senapati
Dungarpur,Tamenglong
Dungarpur,Tengnoupal
Dungarpur,Thoubal
Banswara,Ukhrul
Banswara,East Garo Hills
Banswara,East Khasi Hills
Chittaurgarh,East Jaintia Hills
Chittaurgarh,Eastern West Khasi Hills
Chittaurgarh,North Garo Hills
Kota,Ri Bhoi
Kota,South Garo Hills
Kota,South West Garo Hills
Baran,South West Khasi Hills
Baran,West Garo Hills
Baran,West Jaintia Hills
Jhalawar,West Khasi Hills
Jhalawar,Aizawl
Jhalawar,Champhai
Udaipur,Hnahthial
Udaipur,Khawzawl
Udaipur,Kolasib
Pratapgarh,Lawngtlai
Pratapgarh,Lunglei
Pratapgarh,Mamit
UTTAR PRADESH,Saiha
UTTAR PRADESH,Saitual
UTTAR PRADESH,Serchhip
Saharanpur,Chümoukedima
Saharanpur,Dimapur
Saharanpur,Kiphire
Muzaffarnagar,Kohima
Muzaffarnagar,Longleng
Muzaffarnagar,Mokokchung
Bijnor,Mon
Bijnor,Niuland
Bijnor,Noklak
Moradabad,Peren
Moradabad,Phek
Moradabad,Shamator
Rampur,Tseminyu
Rampur,Tuensang
Rampur,Wokha
Amroha,Zunheboto
Amroha,Angul
Amroha,Boudh (Bauda)
Meerut,Bhadrak
Meerut,Balangir
Meerut,Bargarh (Baragarh)
Baghpat,Balasore
Baghpat,Cuttack
Baghpat,Debagarh (Deogarh)
Ghaziabad,Dhenkanal
Ghaziabad,Ganjam
Ghaziabad,Gajapati
Gautam Buddha Nagar,Jharsuguda
Gautam Buddha Nagar,Jajpur
Gautam Buddha Nagar,Jagatsinghpur
Bulandshahr,Khordha
Bulandshahr,Kendujhar
Bulandshahr,Kalahandi
Aligarh,Kandhamal
Aligarh,Koraput
Aligarh,Kendrapara
Hathras,Malkangiri
Hathras,Mayurbhanj
Hathras,Nabarangpur
Mathura,Nuapada
Mathura,Nayagarh
Mathura,Puri
Agra,Rayagada
Agra,Sambalpur
Agra,Subarnapur (Sonepur)
Firozabad,Sundargarh
Firozabad,Amritsar
Firozabad,Barnala
Mainpuri,Bathinda
Mainpuri,Firozpur
Mainpuri,Faridkot
Budaun,Fatehgarh Sahib
Budaun,Fazilka
Budaun,Gurdaspur
Bareilly,Hoshiarpur
Bareilly,Jalandhar
Bareilly,Kapurthala
Pilibhit,Ludhiana
Pilibhit,Malerkotla
Pilibhit,Mansa
Shahjahanpur,Moga
Shahjahanpur,Sri Muktsar Sahib
Shahjahanpur,Pathankot
Lakhimpur Kheri,Patiala
Lakhimpur Kheri,Rupnagar
Lakhimpur Kheri,Sahibzada Ajit Singh Nagar
Sitapur,Sangrur
Sitapur,Shahid Bhagat Singh Nagar
Sitapur,Tarn Taran
Hardoi,Ajmer
Hardoi,Alwar
Hardoi,Bikaner
Unnao,Barmer
Unnao,Banswara
Unnao,Bharatpur
Lucknow,Baran
Lucknow,Bundi
Lucknow,Bhilwara
Rae Bareli,Churu
Rae Bareli,Chittorgarh
Rae Bareli,Dausa
Farrukhabad,Dholpur
Farrukhabad,Dungarpur
Farrukhabad,Sri Ganganagar
Kannauj,Hanumangarh
Kannauj,Jhunjhunu
Kannauj,Jalore
Etawah,Jodhpur
Etawah,Jaipur
Etawah,Jaisalmer
Auraiya,Jhalawar
Auraiya,Karauli
Auraiya,Kota
Kanpur Dehat,Nagaur
Kanpur Dehat,Pali
Kanpur Dehat,Pratapgarh
Kanpur Nagar,Rajsamand
Kanpur Nagar,Sikar
Kanpur Nagar,Sawai Madhopur
Jalaun,Sirohi
Jalaun,Tonk
Jalaun,Udaipur
Jhansi,East Sikkim
Jhansi,North Sikkim
Jhansi,Pakyong
Lalitpur,Soreng
Lalitpur,South Sikkim
Lalitpur,West Sikkim
Hamirpur,Ariyalur
Hamirpur,Chengalpattu
Hamirpur,Chennai
Mahoba,Coimbatore
Mahoba,Cuddalore
Mahoba,Dharmapuri
Banda,Dindigul
Banda,Erode
Banda,Kallakurichi
Chitrakoot,Kanchipuram
Chitrakoot,Kanyakumari
Chitrakoot,Karur
Fatehpur,Krishnagiri
Fatehpur,Madurai
Fatehpur,Mayiladuthurai
Pratapgarh,Nagapattinam
Pratapgarh,Nilgiris
Pratapgarh,Namakkal
Kaushambi,Perambalur
Kaushambi,Pudukkottai
Kaushambi,Ramanathapuram
Allahabad,Ranipet
Allahabad,Salem
Allahabad,Sivaganga
Bara Banki,Tenkasi
Bara Banki,Tiruppur
Bara Banki,Tiruchirappalli
Faizabad,Theni
Faizabad,Tirunelveli
Faizabad,Thanjavur
Ambedkar Nagar,Thoothukudi
Ambedkar Nagar,Tirupattur
Ambedkar Nagar,Tiruvallur
Sultanpur,Tiruvarur
Sultanpur,Tiruvannamalai
Sultanpur,Vellore
Bahraich,Viluppuram
Bahraich,Virudhunagar
Bahraich,Adilabad
Shrawasti,Bhadradri Kothagudem
Shrawasti,Hanamkonda
Shrawasti,Hyderabad
Balrampur,Jagtial
Balrampur,Jangaon
Balrampur,Jayashankar Bhupalpally
Gonda,Jogulamba Gadwal
Gonda,Kamareddy
Gonda,Karimnagar
Siddharth Nagar,Khammam
Siddharth Nagar,Kumuram Bheem Asifabad
Siddharth Nagar,Mahabubabad
Basti,Mahbubnagar
Basti,Mancherial
Basti,Medak
Sant Kabir Nagar,Medchal–Malkajgiri
Sant Kabir Nagar,Mulugu
Sant Kabir Nagar,Nalgonda
Maharajganj,Narayanpet
Maharajganj,Nagarkurnool
Maharajganj,Nirmal
Gorakhpur,Nizamabad
Gorakhpur,Peddapalli
Gorakhpur,Rajanna Sircilla
Kushinagar,Ranga Reddy
Kushinagar,Sangareddy
Kushinagar,Siddipet
Deoria,Suryapet
Deoria,Vikarabad
Deoria,Wanaparthy
Azamgarh,Warangal
Azamgarh,Yadadri Bhuvanagiri
Azamgarh,Dhalai
Mau,Gomati
Mau,Khowai
Mau,North Tripura
Ballia,Sepahijala
Ballia,South Tripura
Ballia,Unakoti
Jaunpur,West Tripura
Jaunpur,Agra
Jaunpur,Aligarh
Ghazipur,Ambedkar Nagar
Ghazipur,Amethi
Ghazipur,Amroha
Chandauli,Auraiya
Chandauli,Ayodhya
Chandauli,Azamgarh
Varanasi,Bagpat
Varanasi,Bahraich
Varanasi,Ballia
Sant Ravidas Nagar,Balrampur
Sant Ravidas Nagar,Banda
Sant Ravidas Nagar,Barabanki
Mirzapur,Bareilly
Mirzapur,Basti
Mirzapur,Bhadohi
Sonbhadra,Bijnor
Sonbhadra,Budaun
Sonbhadra,Bulandshahr
Etah,Chandauli
Etah,Chitrakoot
Etah,Deoria
Kanshiram Nagar,Etah
Kanshiram Nagar,Etawah
Kanshiram Nagar,Farrukhabad
BIHAR,Fatehpur
BIHAR,Firozabad
BIHAR,Gautam Buddha Nagar
Pashchim Champaran,Ghaziabad
Pashchim Champaran,Ghazipur
Pashchim Champaran,Gonda
Purba Champaran,Gorakhpur
Purba Champaran,Hamirpur
Purba Champaran,Hapur
Sheohar,Hardoi
Sheohar,Hathras
Sheohar,Jalaun
Sitamarhi,Jaunpur
Sitamarhi,Jhansi
Sitamarhi,Kannauj
Madhubani,Kanpur Dehat
Madhubani,Kanpur Nagar
Madhubani,Kasganj
Supaul,Kaushambi
Supaul,Kushinagar
Supaul,Lakhimpur Kheri
Araria,Lalitpur
Araria,Lucknow
Araria,Maharajganj
Kishanganj,Mahoba
Kishanganj,Mainpuri
Kishanganj,Mathura
Purnia,Mau
Purnia,Meerut
Purnia,Mirzapur
Katihar,Moradabad
Katihar,Muzaffarnagar
Katihar,Pilibhit
Madhepura,Pratapgarh
Madhepura,Prayagraj
Madhepura,Raebareli
Saharsa,Rampur
Saharsa,Saharanpur
Saharsa,Sambhal
Darbhanga,Sant Kabir Nagar
Darbhanga,Shahjahanpur
Darbhanga,Shamli
Muzaffarpur,Shravasti
Muzaffarpur,Siddharthnagar
Muzaffarpur,Sitapur
Gopalganj,Sonbhadra
Gopalganj,Sultanpur
Gopalganj,Unnao
Siwan,Varanasi
Siwan,Almora
Siwan,Bageshwar
Saran,Chamoli
Saran,Champawat
Saran,Dehradun
Vaishali,Haridwar
Vaishali,Nainital
Vaishali,Pauri Garhwal
Samastipur,Pithoragarh
Samastipur,Rudraprayag
Samastipur,Tehri Garhwal
Begusarai,Udham Singh Nagar
Begusarai,Uttarkashi
Begusarai,Alipurduar
Khagaria,Bankura
Khagaria,Birbhum
Khagaria,Cooch Behar
Bhagalpur,Dakshin Dinajpur
Bhagalpur,Darjeeling
Bhagalpur,Hooghly
Banka,Howrah
Banka,Jalpaiguri
Banka,Jhargram
Munger,Kalimpong
Munger,Kolkata
Munger,Maldah
Lakhisarai,Murshidabad
Lakhisarai,Nadia
Lakhisarai,North 24 Parganas
Sheikhpura,Paschim Bardhaman
Sheikhpura,Paschim Medinipur
Sheikhpura,Purba Bardhaman
Nalanda,Purba Medinipur
Nalanda,Purulia
Nalanda,South 24 Parganas
Patna,Uttar Dinajpur
Patna,Nicobar
Patna,North and Middle Andaman
Bhojpur,South Andaman
Bhojpur,District
Bhojpur,Chandigarh
Buxar,Daman
Buxar,Diu
Buxar,Dadra and Nagar Haveli
Kaimur (Bhabua),Anantnag
Kaimur (Bhabua),Budgam
Kaimur (Bhabua),Bandipore
Rohtas,Baramulla
Rohtas,Doda
Rohtas,Ganderbal
Aurangabad,Jammu
Aurangabad,Kathua
Aurangabad,Kishtwar
Gaya,Kulgam
Gaya,Kupwara
Gaya,Poonch
Nawada,Pulwama
Nawada,Rajouri
Nawada,Ramban
Jamui,Reasi
Jamui,Samba
Jamui,Shopian
Jehanabad,Srinagar
Jehanabad,Udhampur
Jehanabad,Kargil
Arwal,Leh
Arwal,Lakshadweep
Arwal,Central Delhi
SIKKIM,East Delhi
SIKKIM,New Delhi
SIKKIM,North Delhi
North Sikkim,North East Delhi
North Sikkim,North West Delhi
North Sikkim,Shahdara district
West Sikkim,South Delhi
West Sikkim,South East Delhi
West Sikkim,South West Delhi
South Sikkim,West Delhi
South Sikkim,Karaikal
South Sikkim,Mahe
East Sikkim,Puducherry
East Sikkim,Yanam
East Sikkim,Andaman And Nicobar
ARUNACHAL PRADESH,Andhra Pradesh
ARUNACHAL PRADESH,Arunachal Pradesh
ARUNACHAL PRADESH,Assam
Tawang,Bihar
Tawang,Chandigarh
Tawang,Chhattisgarh
West Kameng,Dadra And Nagar Haveli
West Kameng,Delhi
West Kameng,Goa
East Kameng,Haryana
East Kameng,Himachal Pradesh
East Kameng,Jammu And Kashmir
Papum Pare,Jharkhand
Papum Pare,Karnataka
Papum Pare,Kerala
Upper Subansiri,Lakshadweep
Upper Subansiri,Madhya Pradesh
Upper Subansiri,Maharashtra
West Siang,Manipur
West Siang,Meghalaya
West Siang,Mizoram
East Siang,Nagaland
East Siang,Odisha
East Siang,Puducherry
Upper Siang,Punjab
Upper Siang,Rajasthan
Upper Siang,Sikkim
Changlang,Tamil Nadu
Changlang,Tripura
Changlang,Uttar Pradesh
Tirap,Uttaranchal
Tirap,West Bengal
Tirap,Gujarat
Lower Subansiri,Telangana
Lower Subansiri,Daman and Diu
Lower Subansiri,India
Kurung Kumey,
Kurung Kumey,
Kurung Kumey,
Dibang Valley,
Dibang Valley,
Dibang Valley,
Lower Dibang Valley,
Lower Dibang Valley,
Lower Dibang Valley,
Lohit,
Lohit,
Lohit,
Anjaw,
Anjaw,
Anjaw,
NAGALAND,
NAGALAND,
NAGALAND,
Mon,
Mon,
Mon,
Mokokchung,
Mokokchung,
Mokokchung,
Zunheboto,
Zunheboto,
Zunheboto,
Wokha,
Wokha,
Wokha,
Dimapur,
Dimapur,
Dimapur,
Phek,
Phek,
Phek,
Tuensang,
Tuensang,
Tuensang,
Longleng,
Longleng,
Longleng,
Kiphire,
Kiphire,
Kiphire,
Kohima,
Kohima,
Kohima,
Peren,
Peren,
Peren,
MANIPUR,
MANIPUR,
MANIPUR,
Senapati,
Senapati,
Senapati,
Tamenglong,
Tamenglong,
Tamenglong,
Churachandpur,
Churachandpur,
Churachandpur,
Bishnupur,
Bishnupur,
Bishnupur,
Thoubal,
Thoubal,
Thoubal,
Imphal West,
Imphal West,
Imphal West,
Imphal East,
Imphal East,
Imphal East,
Ukhrul,
Ukhrul,
Ukhrul,
Chandel,
Chandel,
Chandel,
MIZORAM,
MIZORAM,
MIZORAM,
Mamit,
Mamit,
Mamit,
Kolasib,
Kolasib,
Kolasib,
Aizawl,
Aizawl,
Aizawl,
Champhai,
Champhai,
Champhai,
Serchhip,
Serchhip,
Serchhip,
Lunglei,
Lunglei,
Lunglei,
Lawngtlai,
Lawngtlai,
Lawngtlai,
Saiha,
Saiha,
Saiha,
TRIPURA,
TRIPURA,
TRIPURA,
West Tripura,
West Tripura,
West Tripura,
South Tripura,
South Tripura,
South Tripura,
Dhalai,
Dhalai,
Dhalai,
North Tripura,
North Tripura,
North Tripura,
MEGHALAYA,
MEGHALAYA,
MEGHALAYA,
West Garo Hills,
West Garo Hills,
West Garo Hills,
East Garo Hills,
East Garo Hills,
East Garo Hills,
South Garo Hills,
South Garo Hills,
South Garo Hills,
West Khasi Hills,
West Khasi Hills,
West Khasi Hills,
Ribhoi,
Ribhoi,
Ribhoi,
East Khasi Hills,
East Khasi Hills,
East Khasi Hills,
Jaintia Hills,
Jaintia Hills,
Jaintia Hills,
ASSAM,
ASSAM,
ASSAM,
Kokrajhar,
Kokrajhar,
Kokrajhar,
Dhubri,
Dhubri,
Dhubri,
Goalpara,
Goalpara,
Goalpara,
Barpeta,
Barpeta,
Barpeta,
Morigaon,
Morigaon,
Morigaon,
Nagaon,
Nagaon,
Nagaon,
Sonitpur,
Sonitpur,
Sonitpur,
Lakhimpur,
Lakhimpur,
Lakhimpur,
Dhemaji,
Dhemaji,
Dhemaji,
Tinsukia,
Tinsukia,
Tinsukia,
Dibrugarh,
Dibrugarh,
Dibrugarh,
Sivasagar,
Sivasagar,
Sivasagar,
Jorhat,
Jorhat,
Jorhat,
Golaghat,
Golaghat,
Golaghat,
Karbi Anglong,
Karbi Anglong,
Karbi Anglong,
Dima Hasao,
Dima Hasao,
Dima Hasao,
Cachar,
Cachar,
Cachar,
Karimganj,
Karimganj,
Karimganj,
Hailakandi,
Hailakandi,
Hailakandi,
Bongaigaon,
Bongaigaon,
Bongaigaon,
Chirang,
Chirang,
Chirang,
Kamrup,
Kamrup,
Kamrup,
Kamrup Metropolitan,
Kamrup Metropolitan,
Kamrup Metropolitan,
Nalbari,
Nalbari,
Nalbari,
Baksa,
Baksa,
Baksa,
Darrang,
Darrang,
Darrang,
Udalguri,
Udalguri,
Udalguri,
WEST BENGAL,
WEST BENGAL,
WEST BENGAL,
Darjiling,
Darjiling,
Darjiling,
Jalpaiguri,
Jalpaiguri,
Jalpaiguri,
Koch Bihar,
Koch Bihar,
Koch Bihar,
Uttar Dinajpur,
Uttar Dinajpur,
Uttar Dinajpur,
Dakshin Dinajpur,
Dakshin Dinajpur,
Dakshin Dinajpur,
Malda,
Malda,
Malda,
Murshidabad,
Murshidabad,
Murshidabad,
Birbhum,
Birbhum,
Birbhum,
Purba Bardhaman,
Purba Bardhaman,
Purba Bardhaman,
Nadia,
Nadia,
Nadia,
North 24 Parganas,
North 24 Parganas,
North 24 Parganas,
Hugli,
Hugli,
Hugli,
Bankura,
Bankura,
Bankura,
Puruliya,
Puruliya,
Puruliya,
Haora,
Haora,
Haora,
Kolkata,
Kolkata,
Kolkata,
South 24 Parganas,
South 24 Parganas,
South 24 Parganas,
Paschim Medinipur,
Paschim Medinipur,
Paschim Medinipur,
Purba Medinipur,
Purba Medinipur,
Purba Medinipur,
JHARKHAND,
JHARKHAND,
JHARKHAND,
Garhwa,
Garhwa,
Garhwa,
Chatra,
Chatra,
Chatra,
Kodarma,
Kodarma,
Kodarma,
Giridih,
Giridih,
Giridih,
Deoghar,
Deoghar,
Deoghar,
Godda,
Godda,
Godda,
Sahibganj,
Sahibganj,
Sahibganj,
Pakur,
Pakur,
Pakur,
Dhanbad,
Dhanbad,
Dhanbad,
Bokaro,
Bokaro,
Bokaro,
Lohardaga,
Lohardaga,
Lohardaga,
Purbi Singhbhum,
Purbi Singhbhum,
Purbi Singhbhum,
Palamu,
Palamu,
Palamu,
Latehar,
Latehar,
Latehar,
Hazaribagh,
Hazaribagh,
Hazaribagh,
Ramgarh,
Ramgarh,
Ramgarh,
Dumka,
Dumka,
Dumka,
Jamtara,
Jamtara,
Jamtara,
Ranchi,
Ranchi,
Ranchi,
Khunti,
Khunti,
Khunti,
Gumla,
Gumla,
Gumla,
Simdega,
Simdega,
Simdega,
Pashchimi Singhbhum,
Pashchimi Singhbhum,
Pashchimi Singhbhum,
Saraikela-Kharsawan,
Saraikela-Kharsawan,
Saraikela-Kharsawan,
ODISHA,
ODISHA,
ODISHA,
Bargarh,
Bargarh,
Bargarh,
Jharsuguda,
Jharsuguda,
Jharsuguda,
Sambalpur,
Sambalpur,
Sambalpur,
Debagarh,
Debagarh,
Debagarh,
Sundargarh,
Sundargarh,
Sundargarh,
Kendujhar,
Kendujhar,
Kendujhar,
Mayurbhanj,
Mayurbhanj,
Mayurbhanj,
Baleshwar,
Baleshwar,
Baleshwar,
Bhadrak,
Bhadrak,
Bhadrak,
Kendrapara,
Kendrapara,
Kendrapara,
Jagatsinghapur,
Jagatsinghapur,
Jagatsinghapur,
Cuttack,
Cuttack,
Cuttack,
Jajapur,
Jajapur,
Jajapur,
Dhenkanal,
Dhenkanal,
Dhenkanal,
Anugul,
Anugul,
Anugul,
Nayagarh,
Nayagarh,
Nayagarh,
Khordha,
Khordha,
Khordha,
Puri,
Puri,
Puri,
Ganjam,
Ganjam,
Ganjam,
Gajapati,
Gajapati,
Gajapati,
Kandhamal,
Kandhamal,
Kandhamal,
Baudh,
Baudh,
Baudh,
Subarnapur,
Subarnapur,
Subarnapur,
Balangir,
Balangir,
Balangir,
Nuapada,
Nuapada,
Nuapada,
Kalahandi,
Kalahandi,
Kalahandi,
Rayagada,
Rayagada,
Rayagada,
Nabarangapur,
Nabarangapur,
Nabarangapur,
Koraput,
Koraput,
Koraput,
Malkangiri,
Malkangiri,
Malkangiri,
CHHATTISGARH,
CHHATTISGARH,
CHHATTISGARH,
Koriya,
Koriya,
Koriya,
Surguja,
Surguja,
Surguja,
Jashpur,
Jashpur,
Jashpur,
Raigarh,
Raigarh,
Raigarh,
Korba,
Korba,
Korba,
Janjgir - Champa,
Janjgir - Champa,
Janjgir - Champa,
Bilaspur,
Bilaspur,
Bilaspur,
Kabirdham,
Kabirdham,
Kabirdham,
Rajnandgaon,
Rajnandgaon,
Rajnandgaon,
Durg,
Durg,
Durg,
Raipur,
Raipur,
Raipur,
Mahasamund,
Mahasamund,
Mahasamund,
Dhamtari,
Dhamtari,
Dhamtari,
Uttar Bastar Kanker,
Uttar Bastar Kanker,
Uttar Bastar Kanker,
Bastar,
Bastar,
Bastar,
Narayanpur,
Narayanpur,
Narayanpur,
Dantewada,
Dantewada,
Dantewada,
Bijapur,
Bijapur,
Bijapur,
MADHYA PRADESH,
MADHYA PRADESH,
MADHYA PRADESH,
Sheopur,
Sheopur,
Sheopur,
Morena,
Morena,
Morena,
Bhind,
Bhind,
Bhind,
Gwalior,
Gwalior,
Gwalior,
Datia,
Datia,
Datia,
Shivpuri,
Shivpuri,
Shivpuri,
Tikamgarh,
Tikamgarh,
Tikamgarh,
Chhatarpur,
Chhatarpur,
Chhatarpur,
Panna,
Panna,
Panna,
Sagar,
Sagar,
Sagar,
Damoh,
Damoh,
Damoh,
Satna,
Satna,
Satna,
Rewa,
Rewa,
Rewa,
Umaria,
Umaria,
Umaria,
Neemuch,
Neemuch,
Neemuch,
Mandsaur,
Mandsaur,
Mandsaur,
Ratlam,
Ratlam,
Ratlam,
Ujjain,
Ujjain,
Ujjain,
Shajapur,
Shajapur,
Shajapur,
Dewas,
Dewas,
Dewas,
Dhar,
Dhar,
Dhar,
Indore,
Indore,
Indore,
Khargone (West Nimar),
Khargone (West Nimar),
Khargone (West Nimar),
Barwani,
Barwani,
Barwani,
Rajgarh,
Rajgarh,
Rajgarh,
Vidisha,
Vidisha,
Vidisha,
Bhopal,
Bhopal,
Bhopal,
Sehore,
Sehore,
Sehore,
Raisen,
Raisen,
Raisen,
Betul,
Betul,
Betul,
Harda,
Harda,
Harda,
Hoshangabad,
Hoshangabad,
Hoshangabad,
Katni,
Katni,
Katni,
Jabalpur,
Jabalpur,
Jabalpur,
Narsinghpur,
Narsinghpur,
Narsinghpur,
Dindori,
Dindori,
Dindori,
Mandla,
Mandla,
Mandla,
Chhindwara,
Chhindwara,
Chhindwara,
Seoni,
Seoni,
Seoni,
Balaghat,
Balaghat,
Balaghat,
Guna,
Guna,
Guna,
Ashoknagar,
Ashoknagar,
Ashoknagar,
Shahdol,
Shahdol,
Shahdol,
Anuppur,
Anuppur,
Anuppur,
Sidhi,
Sidhi,
Sidhi,
Singrauli,
Singrauli,
Singrauli,
Jhabua,
Jhabua,
Jhabua,
Alirajpur,
Alirajpur,
Alirajpur,
Khandwa (East Nimar),
Khandwa (East Nimar),
Khandwa (East Nimar),
Burhanpur,
Burhanpur,
Burhanpur,
GUJARAT,
GUJARAT,
GUJARAT,
Kachchh,
Kachchh,
Kachchh,
Banas Kantha,
Banas Kantha,
Banas Kantha,
Patan,
Patan,
Patan,
Mahesana,
Mahesana,
Mahesana,
Sabar Kantha,
Sabar Kantha,
Sabar Kantha,
Gandhinagar,
Gandhinagar,
Gandhinagar,
Ahmadabad,
Ahmadabad,
Ahmadabad,
Surendranagar,
Surendranagar,
Surendranagar,
Rajkot,
Rajkot,
Rajkot,
Jamnagar,
Jamnagar,
Jamnagar,
Porbandar,
Porbandar,
Porbandar,
Junagadh,
Junagadh,
Junagadh,
Amreli,
Amreli,
Amreli,
Bhavnagar,
Bhavnagar,
Bhavnagar,
Anand,
Anand,
Anand,
Kheda,
Kheda,
Kheda,
Panch Mahals,
Panch Mahals,
Panch Mahals,
Dahod,
Dahod,
Dahod,
Vadodara,
Vadodara,
Vadodara,
Narmada,
Narmada,
Narmada,
Bharuch,
Bharuch,
Bharuch,
The Dangs,
The Dangs,
The Dangs,
Navsari,
Navsari,
Navsari,
Valsad,
Valsad,
Valsad,
Surat,
Surat,
Surat,
Tapi,
Tapi,
Tapi,
DAMAN & DIU,
DAMAN & DIU,
DAMAN & DIU,
Diu,
Diu,
Diu,
Daman,
Daman,
Daman,
DADRA & NAGAR HAVELI,
DADRA & NAGAR HAVELI,
DADRA & NAGAR HAVELI ,
Dadra & Nagar Haveli,
Dadra & Nagar Haveli,
Dadra & Nagar Haveli,
MAHARASHTRA,
MAHARASHTRA,
MAHARASHTRA,
Nandurbar,
Nandurbar,
Nandurbar,
Dhule,
Dhule,
Dhule,
Jalgaon,
Jalgaon,
Jalgaon,
Buldana,
Buldana,
Buldana,
Akola,
Akola,
Akola,
Washim,
Washim,
Washim,
Amravati,
Amravati,
Amravati,
Wardha,
Wardha,
Wardha,
Nagpur,
Nagpur,
Nagpur,
Bhandara,
Bhandara,
Bhandara,
Gondiya,
Gondiya,
Gondiya,
Gadchiroli,
Gadchiroli,
Gadchiroli,
Chandrapur,
Chandrapur,
Chandrapur,
Yavatmal,
Yavatmal,
Yavatmal,
Nanded,
Nanded,
Nanded,
Hingoli,
Hingoli,
Hingoli,
Parbhani,
Parbhani,
Parbhani,
Jalna,
Jalna,
Jalna,
Aurangabad,
Aurangabad,
Aurangabad,
Nashik,
Nashik,
Nashik,
Thane,
Thane,
Thane,
Mumbai Suburban,
Mumbai Suburban,
Mumbai Suburban,
Mumbai,
Mumbai,
Mumbai,
Raigarh,
Raigarh,
Raigarh,
Pune,
Pune,
Pune,
Ahmadnagar,
Ahmadnagar,
Ahmadnagar,
Beed,
Beed,
Beed,
Latur,
Latur,
Latur,
Osmanabad,
Osmanabad,
Osmanabad,
Solapur,
Solapur,
Solapur,
Satara,
Satara,
Satara,
Ratnagiri,
Ratnagiri,
Ratnagiri,
Sindhudurg,
Sindhudurg,
Sindhudurg,
Kolhapur,
Kolhapur,
Kolhapur,
Sangli,
Sangli,
Sangli,
ANDHRA PRADESH,
ANDHRA PRADESH,
ANDHRA PRADESH,
Adilabad,
Nizamabad,
Karimnagar,
Medak,
Hyderabad,
Rangareddy,
Mahbubnagar,
Nalgonda,
Warangal (Rural),
Khammam,
Srikakulam,
Srikakulam,
Srikakulam,
Vizianagaram,
Vizianagaram,
Vizianagaram,
Visakhapatnam,
Visakhapatnam,
Visakhapatnam,
East Godavari,
East Godavari,
East Godavari,
West Godavari,
West Godavari,
West Godavari,
Krishna,
Krishna,
Krishna,
Guntur,
Guntur,
Guntur,
Prakasam,
Prakasam,
Prakasam,
Nellore,
Nellore,
Nellore,
Y.S.R.,
Y.S.R.,
Y.S.R.,
Kurnool,
Kurnool,
Kurnool,
Anantapur,
Anantapur,
Anantapur,
Chittoor,
Chittoor,
Chittoor,
KARNATAKA,
KARNATAKA,
KARNATAKA,
Belgaum,
Belgaum,
Belgaum,
Bagalkot,
Bagalkot,
Bagalkot,
BIJAPUR,
BIJAPUR,
BIJAPUR,
Bidar,
Bidar,
Bidar,
Raichur,
Raichur,
Raichur,
Koppal,
Koppal,
Koppal,
Gadag,
Gadag,
Gadag,
Dharwad,
Dharwad,
Dharwad,
Uttara Kannada,
Uttara Kannada,
Uttara Kannada,
Haveri,
Haveri,
Haveri,
Bellary,
Bellary,
Bellary,
Chitradurga,
Chitradurga,
Chitradurga,
Davanagere,
Davanagere,
Davanagere,
Shimoga,
Shimoga,
Shimoga,
Udupi,
Udupi,
Udupi,
Chikmagalur,
Chikmagalur,
Chikmagalur,
Tumkur,
Tumkur,
Tumkur,
Bangalore,
Bangalore,
Bangalore,
Mandya,
Mandya,
Mandya,
Hassan,
Hassan,
Hassan,
Dakshina Kannada,
Dakshina Kannada,
Dakshina Kannada,
Kodagu,
Kodagu,
Kodagu,
Mysore,
Mysore,
Mysore,
Chamarajanagar,
Chamarajanagar,
Chamarajanagar,
Gulbarga,
Gulbarga,
Gulbarga,
Yadgir,
Yadgir,
Yadgir,
Kolar,
Kolar,
Kolar,
Chikkaballapura,
Chikkaballapura,
Chikkaballapura,
Bangalore Rural,
Bangalore Rural,
Bangalore Rural,
Ramanagara,
Ramanagara,
Ramanagara,
GOA,
GOA,
GOA,
North Goa,
North Goa,
North Goa,
South Goa,
South Goa,
South Goa,
LAKSHADWEEP,
LAKSHADWEEP,
LAKSHADWEEP ,
Lakshadweep,
Lakshadweep,
Lakshadweep,
KERALA,
KERALA,
KERALA,
Kasaragod,
Kasaragod,
Kasaragod,
Kannur,
Kannur,
Kannur,
Wayanad,
Wayanad,
Wayanad,
Kozhikode,
Kozhikode,
Kozhikode,
Malappuram,
Malappuram,
Malappuram,
Palakkad,
Palakkad,
Palakkad,
Thrissur,
Thrissur,
Thrissur,
Ernakulam,
Ernakulam,
Ernakulam,
Idukki,
Idukki,
Idukki,
Kottayam,
Kottayam,
Kottayam,
Alappuzha,
Alappuzha,
Alappuzha,
Pathanamthitta,
Pathanamthitta,
Pathanamthitta,
Kollam,
Kollam,
Kollam,
Thiruvananthapuram,
Thiruvananthapuram,
Thiruvananthapuram,
TAMIL NADU,
TAMIL NADU,
TAMIL NADU,
Tiruvallur,
Tiruvallur,
Tiruvallur,
Chennai,
Chennai,
Chennai,
Kancheepuram,
Kancheepuram,
Kancheepuram,
Vellore,
Vellore,
Vellore,
Tiruvannamalai,
Tiruvannamalai,
Tiruvannamalai,
Viluppuram,
Viluppuram,
Viluppuram,
Salem,
Salem,
Salem,
Namakkal,
Namakkal,
Namakkal,
Erode,
Erode,
Erode,
The Nilgiris,
The Nilgiris,
The Nilgiris,
Dindigul,
Dindigul,
Dindigul,
Karur,
Karur,
Karur,
Tiruchirappalli,
Tiruchirappalli,
Tiruchirappalli,
Perambalur,
Perambalur,
Perambalur,
Ariyalur,
Ariyalur,
Ariyalur,
Cuddalore,
Cuddalore,
Cuddalore,
Nagapattinam,
Nagapattinam,
Nagapattinam,
Thiruvarur,
Thiruvarur,
Thiruvarur,
Thanjavur,
Thanjavur,
Thanjavur,
Pudukkottai,
Pudukkottai,
Pudukkottai,
Sivaganga,
Sivaganga,
Sivaganga,
Madurai,
Madurai,
Madurai,
Theni,
Theni,
Theni,
Virudhunagar,
Virudhunagar,
Virudhunagar,
Ramanathapuram,
Ramanathapuram,
Ramanathapuram,
Thoothukkudi,
Thoothukkudi,
Thoothukkudi,
Tirunelveli,
Tirunelveli,
Tirunelveli,
Kanniyakumari,
Kanniyakumari,
Kanniyakumari,
Dharmapuri,
Dharmapuri,
Dharmapuri,
Krishnagiri,
Krishnagiri,
Krishnagiri,
Coimbatore,
Coimbatore,
Coimbatore,
Tiruppur,
Tiruppur,
Tiruppur,
PUDUCHERRY,
PUDUCHERRY,
PUDUCHERRY,
Yanam,
Yanam,
Yanam,
Puducherry,
Puducherry,
Puducherry,
Mahe,
Mahe,
Mahe,
Karaikal,
Karaikal,
Karaikal,
ANDAMAN & NICOBAR ISLANDS,
ANDAMAN & NICOBAR ISLANDS,
ANDAMAN & NICOBAR ISLANDS,
Nicobars,
Nicobars,
Nicobars,
North & Middle Andaman,
North & Middle Andaman,
North & Middle Andaman,
South Andaman,
South Andaman,
South Andaman,
Telangana,
PATHANKOT,
HAPUR,
Alipurduar,
PALGHAR,
SAMBHAL,
AMETHI,
SHAMLI,
Longding,
Namsai,
Gariaband,
MORBI,
Fazilka,
Boted,
Gir Somnath,
DevBhumi Dwarka,
Kondagaon,
Balod,
Bemetara,
Mungeli,
Surajpur,
Balrampur,
Chhota Udaipur,
Aravalli,
Mahisagar,
South West Khasi Hills,
North GARO HILLS,
South West Garo Hills,
Unakoti,
Gomati,
Sipahijala,
Khowai,
Kumuram Bheem,
Mancherial,
Nirmal,
Jagitial,
Peddapalli,
Kamareddy,
Rajanna Sircilla,
Jayashankar,
Sangareddy,
Siddipet,
Jangaon,
Warangal (Urban),
Mulugu,
Bhadradri,
Mahabubabad,
Suryapet,
Yadadri,
Medchal–Malkajgiri,
Vikarabad,
Narayanpet,
Nagarkurnool,
Wanaparthy,
Jogulamba,
Paschim Bardhaman,
Kamle,
Kra Daadi,
Lepa Rada,
Lower Siang,
Pakke Kessang,
Shi-Yomi,
Siang,
Sukma,
Gaurela-Pendra-Marwahi,
Charkhi Dadri,
Agar Malwa,
Niwari,
Chengalpattu,
Kallakurichi,
Mayiladuthurai,
Ranipet,
Tenkasi,
Jhargram,
Kalimpong,
Baloda Bazar,
Vijayanagara,
Tirupathur,
Bajali,
Biswanath,
Charaideo,
Hojai,
Majuli,
South Salmara,
Tamulpur,
West Karbi Anglong,
